Word,Frequncy
and,103
of,94
the,78
.,75
is,56
in,55
to,51
a,46
The,33
with,32
for,31
you,26
-,23
food,22
it,21
â ,21
ğŸ‘‰ğŸ‘‰,20
Verified,19
Coffee,16
on,13
get,13
have,13
from,12
your,12
fun,12
It,11
are,11
#food,11
ğŸ˜,11
food_e_aazam,10
was,10
has,10
an,10
dilsefoodie,10
#yum,10
food_hacks_05,10
Follow,10
@food_hacks_05,10
ğŸ´ğŸ•ğŸ”,10
facts,10
Use,10
hashtag,10
#âƒ£,10
#food_hacks_05,10
featured...,10
foodtalkindia,9
or,9
also,9
#dilsefoodie,9
Food,9
wheat,9
lakh,9
May,9
&,8
perfect,8
be,8
can,8
at,8
as,8
by,8
.......................................................,8
Price,7
that,7
about,7
2d,7
1w,7
#recipes,6
milk,6
A,6
this,6
drink,6
all,6
4d,6
many,6
its,6
most,6
one,6
state,6
risk,6
no,5
so,5
Verdict,5
coffee,5
great,5
not,5
we,5
more,5
may,5
1.,5
up,5
rum,5
2.,5
3.,5
4.,5
world,5
their,5
who,5
which,5
This,5
And,5
#foodphotography,5
#foodie,5
net,5
#quiz,5
#quizinstagram,5
#quizz,5
#quizzes,5
#food_hacks_05quiz,5
#answer,5
#instafood,5
#foods,5
vitamin,5
sugar,4
#foodblogger,4
#instagood,4
#icecream,4
8/10,4
cup,4
Hazelnut,4
nuts,4
too.,4
there,4
without,4
Also,4
only,4
need,4
like,4
5.,4
where,4
3d,4
Your,4
From,4
day,4
some,4
What,4
need:,4
before,4
You,4
World,4
1d,4
In,4
#cheese,4
#healthyfood,4
#foodporn,4
tons,4
than,4
cultivated,4
Guava,4
Janmashtami,4
mix,4
#cheffeine,4
ghee,4
chopped,4
Pumpkin,4
Homemade,3
chocolate,3
#chocolate,3
So,3
had,3
little,3
but,3
summer,3
then,3
delicious,3
18w,3
Fish,3
Milk,3
honey,3
were,3
crispy,3
Garlic,3
water,3
Chicken,3
One,3
dry,3
first,3
Happy,3
National,3
Rum,3
used,3
When,3
over,3
There,3
just,3
into,3
bar,3
new,3
good,3
safety,3
They,3
while,3
Now,3
take,3
For,3
Delhi,3
since,3
5d,3
Thai,3
With,3
top,3
Good,3
do,3
each,3
keep,3
must,3
Beers,3
would,3
it's,3
straight,3
Soyachaap,3
At,3
To,3
made,3
#eat,3
#love,3
#foodiesofinstagram,3
Uttar,3
per,3
states,3
India,3
India.,3
produces,3
wheat.,3
grown,3
hectares,3
8,3
.....................................................,3
content,3
Help,3
6.,3
#instagram,3
fruit,3
part,3
called,3
sweet,3
around,3
mango,3
C,3
been,3
Krishna,3
#yummy,3
OF,3
helps,3
reduces,3
...............................................................,3
1,3
bottle,3
pan,3
add,3
#india_ig,3
#nothingisordinary,3
#igfood,3
#foodilicious,3
#foodstyling,3
Pumpkins,3
Day,3
Chocolate,2
ganache,2
#brownie,2
#chocolatecake,2
#dessert,2
#foodstagram,2
5w,2
Ice,2
cream,2
#cookies,2
Korean,2
Dalgrak,2
"delicious,",2
absolutely,2
cold,2
full,2
Chocoholic,2
mousse,2
Tiramisu,2
delicious.,2
ice,2
Latte,2
amazing,2
â¤ï¸,2
time,2
Diggin,2
fried,2
Chilli,2
peanut,2
very,2
juicy,2
butter,2
19w,2
Annie's,2
serve,2
chicken,2
sometimes,2
5h,2
5,2
reasons,2
enjoy,2
ever,2
being,2
favorite,2
breakfast,2
becomes,2
Courtsey,2
blend,2
modern,2
offering,2
dining,2
preparing,2
food.,2
open,2
delivery,2
/,2
us,2
6,2
should,2
behind,2
Take,2
Avocado,2
Bo,2
Tai,2
give,2
6d,2
I,2
International,2
celebrate,2
beer,2
Flip,2
Cup,2
cups,2
teams,2
drinks,2
First,2
player,2
counting,2
number,2
If,2
Most,2
likely,2
person,2
tough,2
paper,2
face.,2
Is,2
Episode,2
Of,2
Makhani,2
Biryani,2
Amazing,2
:,2
Burger,2
Ji,2
By,2
Experience,2
Awesome,2
City,2
Samsung,2
Cheesy,2
Pasand,2
Hai,2
North,2
Wala,2
dish,2
#delish,2
#cheesy,2
23h,2
ğŸ“¸:,2
#summer,2
#foodpics,2
Donâ€™t,2
left,2
if,2
youâ€™re,2
#tasty,2
Butter,2
Grilled,2
#avocado,2
#butter,2
Have,2
largest,2
producing,2
our,2
Pradesh,2
area,2
contributes,2
agriculture,2
Pradesh:,2
state.,2
out,2
production,2
major,2
dietary,2
amazingly,2
Health,2
Boost,2
7.,2
8.,2
...........................................................,2
countryâ€™s,2
history.,2
world.,2
Mangoes,2
tropical,2
fruits,2
As,2
Mango,2
widely,2
"India,",2
mangoes.,2
shapes,2
famous,2
Indian,2
taste,2
said,2
festival,2
"food,",2
incomplete,2
Maakhan,2
prepare,2
#delicious,2
(or,2
COFFEE,2
lose,2
weight.,2
lowers,2
protects,2
high,2
LAUKI,2
BURFI,2
1/2,2
grated,2
gourd,2
tbsp,2
cardamom,2
well,2
absorbed,2
Then,2
Once,2
halwa,2
cool,2
#india,2
#indianfood,2
#foodinfo,2
#foodlover,2
@food_food_delhi,2
vegetable,2
healthy,2
..........................................................,2
#amazing,2
celebrated,2
every,2
year,2
Agriculture,2
theme,2
20th,2
Conference,2
Hungarian,2
Ice-cream,2
Fudgy,1
Cake,1
whipped,1
frosting,1
ğŸ¥§ğŸ«ğŸ‚â¤ï¸,1
No,1
"maida,",1
refined,1
ğŸŒ¾ğŸŒ¼,1
#cake,1
#cakerecipe,1
#ganache,1
#chocolateganache,1
#healthycake,1
#wholewheatcake,1
4w,1
almond,1
brownies,1
â¤ï¸ğŸ«ğŸ’•ğŸ¨,1
#almondbrownies,1
#brownies,1
#homemadebrownies,1
Oreo,1
ğŸ¨ğŸ¦ğŸ§ğŸ«ğŸ¥„ğŸ’—,1
#oreo,1
#cookiesandcream,1
#homemadeicecream,1
#vanilla,1
Spicy,1
Rameyeon,1
ğŸœğŸŒ¶ï¸,1
"spicy,",1
weather.,1
soup,1
flavour,1
too,1
ğŸ‘ŒğŸœğŸ§¡,1
â‚¹270,1
12w,1
cake,1
Theobroma,1
ğŸ°ğŸ’•,1
three,1
layers,1
chocolate;,1
"white,",1
dark,1
top.,1
smooth,1
ğŸ’—,1
tiramisu,1
proportion,1
mascarpone,1
ladyfinger,1
"biscuits,",1
tasting,1
less,1
bitterness,1
nonetheless.,1
Mousse,1
â‚¹125,1
â‚¹120,1
17w,1
Flakes,1
Bingsu,1
ğŸ§,1
dessert.,1
It's,1
tower,1
creamy,1
shaved,1
texture,1
fluffy,1
snow.,1
That,1
snowdrift-in-a-bowl,1
crowned,1
choice,1
"topping,",1
traditionally,1
red,1
"beans,",1
case,1
ğŸ«â¤ï¸.,1
wonderfully,1
â„ï¸,1
â‚¹370,1
Chips,1
Cha,1
BarğŸ¥›â˜•,1
chips,1
Soft,1
tartar,1
sauce.,1
They're,1
consistent,1
quality,1
tho.,1
second,1
visited,1
"Latte,",1
nuts.,1
Fried,1
Prawns,1
Calamari,1
ğŸ’›ğŸ¤ğŸ¦‘â¤ï¸,1
Beautiful,1
golden,1
prawns,1
squid,1
served,1
jalapeÃ±o,1
dip,1
ğŸ’•.,1
fries,1
awesome,1
personal,1
favourite,1
ğŸ,1
â‚¹415,1
Rating,1
9/10,1
Veg,1
Dimsum,1
Call,1
Asian,1
ğŸ¥ŸğŸŒ¶ï¸,1
These,1
dimsums,1
filling,1
"carrots,",1
"corn,",1
"celery,",1
"butter,",1
"chestnut,",1
coriander,1
chili,1
â¤ï¸.,1
paired,1
perfectly,1
chilli,1
oil,1
dip.,1
Could've,1
done,1
though.,1
â‚¹225,1
65,1
Kerela,1
Kitchen,1
"Spicy,",1
"outside,",1
near,1
65.,1
savory,1
papad,1
topping,1
curry,1
leaves,1
makes,1
even,1
scrumptious,1
ğŸ’•,1
backdrop,1
juicy.,1
depends.,1
â‚¹160,1
7.5/10,1
#NewInTown,1
@jadeforestin,1
Has,1
created,1
Indiaâ€™s,1
Elderflower,1
Tonic,1
Water.,1
launched,1
Grapefruit,1
tonic,1
Club,1
Soda,1
Pre,1
Order.,1
Link,1
bio,1
:),1
#HomeGrown,1
Day!,1
ğŸ¸,1
fans,1
lovers,1
itâ€™s,1
cult,1
following.,1
Here,1
why,1
life...,1
Hello,1
desserts,1
Not,1
"drink,",1
whip,1
delights,1
raisin,1
"cake,",1
truffles.,1
Goes,1
everything,1
comes,1
enjoying,1
never,1
fret,1
mixers.,1
Holiday,1
throwback,1
something,1
tastes,1
tropical.,1
All,1
those,1
cocktails,1
Mai,1
"Tai,",1
"Hurricane,",1
"Mojito,",1
Dark,1
â€˜Nâ€™,1
"Stormy,",1
Zombieâ€¦the,1
ways,1
basically,1
endless.,1
Available,1
everywhere,1
chance,1
walking,1
anywhere,1
able,1
fix.,1
We,1
believe,1
"strangers,",1
friends,1
haven't,1
met,1
yet!,1
"conversations,",1
vibes,1
spirits!,1
â€˜Always,1
Mix,1
inâ€™!,1
#Jameson,1
#IrishWhiskey,1
#AlwaysInToMixIn,1
@jamesonwhiskey,1
#TrendTalk,1
internetâ€™s,1
newest,1
homemade,1
bowl,1
miniature,1
croissants,1
â€œMini,1
Croissant,1
Cerealâ€,1
rave,1
social,1
media!,1
Picture,1
Insider,1
Enjoy,1
#farzi,1
specials,1
comfort,1
home.,1
@farzicafe,1
â€˜s,1
menu,1
culinary,1
techniques,1
molecular,1
gastronomy,1
presentation,1
styles,1
high-energy,1
experience.,1
utmost,1
priority.,1
taking,1
precautions,1
delivering,1
"dine-in,",1
"away,",1
delivery.,1
takeaway,1
call:,1
+91,1
7259400900,1
7259600900,1
Trigger,1
Warning:,1
Incident,1
caught,1
camera,1
wine,1
shop,1
"Rohini,",1
New,1
Ever,1
â€˜Homeâ€™,1
become,1
BAR,1
"pandemic,",1
rounded,1
home,1
essentials,1
always,1
bar.,1
look...,1
ğŸ¸ğŸ¹,1
Shop,1
now,1
via,1
@thebartools,1
Cosmopolitan,1
Italian,1
design,1
vibrance,1
"hues,",1
@_botai,1
grill,1
concept,1
opened,1
door,1
again!,1
roti,1
Canai,1
Parched,1
Liang,1
"kham,",1
sure,1
unmatched,1
experience,1
authentic,1
stress-free,1
hygiene,1
"priority,",1
gastronomic,1
voyage!,1
Dine,1
"in,",1
away.,1
the_bongcolleen,1
find,1
someone,1
hates,1
sushi,1
much,1
ğŸ˜¬ğŸ¤£,1
1w10,1
likesReply,1
Beer,1
"Day,",1
folks!,1
fizzy,1
"glory,",1
gamesâ€¦,1
ğŸ»,1
#InternationalBeerDay,1
#beerstagram,1
"Beers,",1
starter,1
house,1
party!,1
two,1
competing,1
against,1
other.,1
Both,1
stand,1
opposite,1
sides,1
table,1
edge.,1
Everyone,1
finish,1
flip,1
"cup,",1
upside-down,1
next,1
member,1
begins.,1
team,1
complete,1
wins.,1
Buzz-,1
easiest,1
"games,",1
starts,1
says,1
"aloud,",1
except,1
7,1
"multiples,",1
"case,",1
say,1
buzz.,1
"don't,",1
beer.,1
Simple!,1
Likely,1
group,1
sits,1
circle,1
asks,1
'most,1
likely',1
question.,1
"example,",1
"""Who",1
fart,1
front,1
"strangers?""",1
After,1
"three,",1
everyone,1
points,1
they,1
think,1
so.,1
maximum,1
fingers,1
pointed,1
"them,",1
Beers.,1
Straight,1
Face,1
"drunk,",1
face,1
game,1
challenges,1
that.,1
write,1
funny,1
inappropriate,1
sentences,1
small,1
pieces,1
ones,1
read,1
keeping,1
Each,1
picks,1
chit,1
tries,1
giggles,1
reacts,1
beer!,1
Image,1
Thrillist,1
Mental,1
Floss,1
US,1
News,1
Report,1
Freepik,1
Matador,1
Network,1
Meet,1
Agrrim,1
Who,1
Suffering,1
Blood,1
Cancer,1
Surprise,1
Birthday,1
Party,1
Lunch,1
Subscriber,1
6h,1
Can,1
Buy,1
Amazon,1
Search,1
Desi,1
Treat,1
items.,1
Total,1
Bill,1
Rs.106000,1
Had,1
Salami,1
Veer,1
"Burger,",1
Geeta,1
Colony,1
Lamb,1
Chops,1
Without,1
Tandoor,1
Recipe,1
@chefmahendraraj,1
London,1
discover,1
Awesomeness,1
Karan,1
Dua,1
exclusively,1
Radio,1
City.,1
#AwesomenessWithSamsung,1
#AwesomeCity,1
#GalaxyA31,1
#GalaxyA51,1
Maggi,1
@chatpati_shikha,1
Mujhe,1
Ek,1
Dum,1
Simple,1
Wali,1
Aap,1
Batao,1
Apko,1
Kaisi,1
?,1
Car,1
Restaurant,1
Opposite,1
Permanand,1
Hospital,1
DugDugDug,1
2,1
Pritam,1
Meat,1
Taste,1
Reasonable,1
Bhagwan,1
Das,1
Ke,1
Bheege,1
Kulche,1
Oh,1
Hoo,1
Maza,1
Agya,1
Tha,1
Khaa,1
Kar.,1
Video,1
Recorded,1
Before,1
Corona,1
Pandemic.,1
Shiv,1
Tikki,1
"Karkardooma,",1
East,1
Was,1
Damn,1
Specially,1
Kathi,1
Kebab,1
Pav,1
Bhaji.,1
@salnapoli,1
serving,1
@importantfoods,1
pasta,1
ğŸâ ,1
#pasta,1
#mozzarella,1
#tomatosauce,1
#sauce,1
#feedfeed,1
#comfortfood,1
16h,1
Cream,1
Sandwiches,1
Herby,1
Cookies,1
@consttellattioninspration,1
#sweetandsavory,1
#sweet,1
#savory,1
#herby,1
#icecreamsandwich,1
Orange,1
glad,1
Friday?,1
@feedyourgirlfriend,1
#feedyourgirlfriend,1
#friday,1
#orange,1
#orangeslush,1
#slushy,1
#oj,1
#orangesoda,1
#cheers,1
Enjoying,1
gone,1
@niceeatingâ ,1
#lobster,1
#lobsterrolls,1
#lobsterroll,1
#august,1
scroll,1
hungry,1
ğŸ¥º,1
Thank,1
quintet,1
cheesy,1
"goodness,",1
"@hipfoodiemom1,",1
"@christinavlahoulis,",1
"@francescotonelli,",1
"@eatwithcare,",1
@beyondcurry,1
#cheesetoast,1
#nutrition,1
#toasty,1
#healthylifestyle,1
@sweetandsorrel,1
Thyme,1
Scallion,1
Pancakes,1
#scallion,1
#thyme,1
#scallionpancakes,1
#pancakes,1
#vegan,1
#veganfood,1
Browned,1
Peaches,1
Cinnamon,1
"""Toast""",1
Brioche,1
Crumbs,1
@halfbakedharvest,1
making,1
peaches,1
ASAPâ ,1
#peaches,1
#grilled,1
#brownedbutter,1
#cinnamontoast,1
#crumbs,1
@iamwellandgood,1
tried,1
it?,1
#garlic,1
#iamwellandgood,1
#healthyish,1
Talk,1
Glow,1
Up:,1
Burrata,1
Prosciutto,1
Cheese,1
ğŸ¤©,1
@eating_longislandâ ,1
#burrata,1
#prosciutto,1
#grilledcheese,1
#glowup,1
#eating,1
#eeeeeats,1
grilled,1
avocado?,1
@spoonforkbacon,1
looks,1
delightfulâ ,1
#grilling,1
#salad,1
#grillingseason,1
#spoonforkbacon,1
country,1
Pradesh.,1
stands,1
fourth,1
population-wise.,1
economy,1
mainly,1
cane.,1
Top,1
producer,1
1.Uttar,1
UP,1
wheat-producing,1
situated,1
river,1
basin,1
highly,1
fertile,1
Ganges.,1
300.010,1
96,1
Land,1
2.Punjab:,1
40,1
land,1
cultivation,1
35,1
hectare,1
land.,1
164.720,1
3.Haryana:,1
cultivate,1
116.30,1
25,1
4.Madhya,1
76.271,1
regions,1
MP,1
comprise,1
"Shore,",1
"Hoshangabad,",1
Vidisha,1
more.,1
5.Rajasthan:,1
72.145,1
ton,1
year.,1
cent,1
state's,1
total,1
production.,1
richest,1
#sources,1
#fiber.,1
Besides,1
"immunity,",1
guava,1
wonders,1
#skin,1
promotes,1
fertility.,1
#helps,1
regulating,1
metabolism,1
leads,1
#weight,1
#loss.,1
#fruits,1
#rich,1
"antioxidants,",1
#vitamin,1
"C,",1
#potassium,1
",",1
#and,1
fiber.,1
remarkable,1
#nutrient,1
gives,1
them,1
#many,1
#health,1
benefits.,1
#Benefits,1
Fruit,1
#Leaves,1
--,1
Lower,1
#Blood,1
#Sugar,1
Levels,1
Heart,1
Relieve,1
Painful,1
Symptoms,1
Menstruation,1
Benefit,1
#Digestive,1
System,1
Aid,1
Weight,1
Loss,1
Anticancer,1
Effect,1
Immunity,1
Eating,1
Guavas,1
Be,1
Skin,1
#guava,1
#tree,1
#amrood,1
#fruit,1
#insta,1
ğ•„ğ•’ğ•Ÿğ•˜ğ• ,1
ğ•šğ•¤,1
ğ•’,1
â„•ğ•’ğ•¥ğ•šğ• ğ•Ÿğ•’ğ•,1
ğ”½ğ•£ğ•¦ğ•šğ•¥,1
ğ• ğ•—,1
ğ•€ğ•Ÿğ••ğ•šğ•’...,1
enriching,1
considerable,1
presence,1
religious,1
spiritual,1
heritage,1
country.,1
"Mango,",1
affectionately,1
King,1
Fruits,1
Its,1
fragrance,1
delectable,1
flavors,1
won,1
hearts,1
remain,1
national,1
represents,1
"prosperity,",1
abundance,1
richness,1
favor,1
image.,1
countries.,1
almost,1
"parts,",1
exception,1
hilly,1
areas.,1
rich,1
source,1
Vitamins,1
"A,",1
D.,1
hundreds,1
varieties,1
different,1
"sizes,",1
colors.,1
immemorial.,1
Even,1
mythology,1
history,1
stories,1
mangoes-,1
poet,1
Kalidasa,1
sang,1
praise.,1
Alexander,1
"great,",1
along,1
Hieun,1
Tsang,1
savored,1
Mughal,1
"king,",1
Akbar,1
planted,1
"100,000",1
trees,1
Darbhanga,1
(modern,1
Bihar).,1
eaten,1
ripe,1
pickles.,1
Lord,1
shower,1
his,1
blessings,1
lots,1
happiness,1
life.,1
all!,1
(also,1
known,1
simply,1
"Gokulashtami,",1
Sanskrit:,1
à¤•à¥ƒà¤·à¥à¤£,1
à¤œà¤¨à¥à¤®à¤¾à¤·à¥à¤Ÿà¤®à¥€),1
annual,1
Hindu,1
celebrates,1
birth,1
"Krishna,",1
eighth,1
avatar,1
Vishnu.,1
Hindus,1
#janmashtami,1
"fasting,",1
"singing,",1
praying,1
"together,",1
sharing,1
special,1
night,1
"vigils,",1
visiting,1
Vishnu,1
temples.,1
Any,1
impeccable,1
sweets.,1
puja,1
considered,1
Misri,1
dear,1
Krishna.,1
"Misri,",1
freshly,1
churned,1
white,1
sugar.,1
Adding,1
nice,1
look,1
#janmastmi,1
#janmashtamispecial,1
#janmashtami2020,1
#janmashtamicelebration,1
#makkhan,1
#makan,1
#makanmakan,1
#misri,1
#krishan,1
#krishankumar,1
#krishnalove,1
#krishanji,1
#meerut,1
#meerutblog,1
#foodpage,1
#blogger,1
#tastyfood,1
â„‚ğ• ğ•—ğ•—ğ•–ğ•–,1
ğ• ğ•£ğ•šğ•˜ğ•šğ•Ÿğ•’ğ•¥ğ•–,1
ğ•—ğ•£ğ• ğ•,1
ğ”¼ğ•¥ğ•™ğ•šğ• ğ•¡ğ•šğ•’.,1
"Culturally,",1
#coffee,1
#Ethiopian,1
Yemenite,1
#cultural,1
significance,1
dates,1
back,1
14,1
"centuries,",1
when,1
not),1
discovered,1
#Yemen,1
Ethiopia...,1
depending,1
ask).,1
Whether,1
#Ethiopia,1
Yemen,1
topic,1
debate,1
#country,1
own,1
"myths,",1
"legends,",1
#facts,1
beverage's,1
origin.,1
#original,1
domesticated,1
#plant,1
"Harar,",1
native,1
#population,1
thought,1
derived,1
Ethiopia,1
distinct,1
nearby,1
populations,1
#Sudan,1
#Kenya,1
primarily,1
consumed,1
#Islamic,1
#world,1
originated,1
directly,1
related,1
#religious,1
practices.,1
12,1
HEALTH,1
BENEFITS,1
boosts,1
physical,1
performance.,1
help,1
burn,1
fat.,1
focus,1
stay,1
alert.,1
death.,1
cancers.,1
stroke.,1
Parkinsonâ€™s,1
disease.,1
9.,1
body.,1
10.,1
lower,1
Type,1
II,1
diabetes.,1
11.,1
brain.,1
12.,1
brightens,1
"mood,",1
fight,1
depression,1
suicide.,1
DISADVANTAGES,1
AND,1
RISKS,1
DRINKING,1
Bad,1
toxic.,1
kill,1
you.,1
cause,1
insomnia,1
restlessness.,1
pregnant.,1
cholesterol,1
please,1
choose,1
filtered,1
coffee.,1
"kids,",1
increase,1
bedwetting.,1
....................................................,1
#coffeelover,1
#origin,1
#coffeeaddict,1
#quizup,1
#quiztime,1
#questionschallenge,1
Aj,1
kuch,1
meetha,1
hojae...,1
forgot,1
click,1
single,1
pic....,1
piece....,1
ğŸ˜‚ğŸ˜‚ğŸ˜‚,1
ğ•€ğ•Ÿ,1
ğ”½ğ•£ğ•’ğ•ğ•–,1
ğ•ƒğ•’ğ•¦ğ•œğ•š,1
ğ”¾ğ•™ğ•šğ•ªğ•’,1
ğ•œğ•š,1
ğ”¹ğ•¦ğ•£ğ•—ğ•š,1
dessert,1
recipe.,1
FOLLOW,1
THE,1
BELOW,1
STEPS,1
ğŸ‘‡ğŸ‘‡ğŸ‘‡ğŸ‘‡ğŸ‘‡,1
INGREDIENTS,1
1/3,1
litre,1
100,1
grams,1
khoya,1
green,1
powder(Elaichi),1
pinch,1
salt,1
1/4,1
Garnishing,1
almonds,1
pistachios,1
Chopped,1
cashew,1
HOW,1
TO,1
MAKE,1
1),1
Put,1
deep-bottomed,1
non-stick,1
medium,1
flame,1
2),1
Add,1
boiling,1
guard.,1
3),1
Stir,1
10-15,1
minutes.,1
4),1
"Now,",1
till,1
thicken,1
consistency.,1
5),1
"khoya,",1
powder,1
well.,1
6),1
"completely,",1
turn,1
off,1
burner,1
7),1
large,1
plate,1
grease,1
transfer,1
prepared,1
plate.,1
8),1
Spread,1
garnish,1
fruits.,1
9),1
Keep,1
aside,1
room,1
temperature.,1
10),1
"enough,",1
refrigerate,1
4-5,1
hours,1
set,1
burfi.,1
11),1
cut,1
desired,1
sizes.,1
12),1
Lauki,1
Burfi,1
ready...,1
ğŸ“,1
store,1
refrigerator,1
air-tight,1
container.ğŸ“,1
.........................................................,1
#burfi,1
#sweetdish,1
#lauki,1
#sweetdishrecipes,1
#bottleguard,1
#sweetdishlover,1
#bottle,1
#guard,1
#foody,1
#foodpic,1
#foodbloggers,1
#recipeoftheday,1
@foodiieezzz,1
@betterwithbffs,1
@foodtruckkkkk._,1
@foodfirangi,1
@cheffeine,1
@chefkunal,1
@chefvineet,1
@chef_pillai,1
@vickythechef,1
@kirtibhoutika,1
@chefajaychopra,1
@masterchef_shipra_khanna,1
@food.babyy_,1
@yumdrums,1
@factor.food,1
@masterchefpankajbhadouria,1
ğ™¾ğš–ğš....,1
ğšƒğš‘ğš’ğšœ,1
ğš’ğšœ,1
ğšœğš‘ğš˜ğšŒğš”ğš’ğš—ğš...,1
ğ™¸ğš—ğšğš’ğšŠğš—,1
ğšğš˜ğš—'ğš,1
ğš”ğš—ğš˜ğš ,1
ğšŠğš‹ğš˜ğšğš,1
ğš˜ğšğš›,1
ğš—ğšŠğšğš’ğš˜ğš—ğšŠğš•,1
ğšŸğšğšğšğšğšŠğš‹ğš•ğš...,1
"Kaddu,",1
Popular,1
Consider,1
Vegetable,1
Curried,1
â€˜Meetha,1
Kadduâ€™,1
Curry.,1
really,1
dish.,1
Savory,1
Curry,1
Hint,1
Sugar,1
health,1
heart.,1
"fiber,",1
"potassium,",1
pumpkin.,1
provides,1
range,1
essential,1
vitamins,1
"minerals,",1
including:,1
E,1
riboflavin,1
potassium,1
copper,1
manganes,1
B-6,1
folate,1
pantothenic,1
acid,1
niacin,1
iron,1
magnesium,1
ğš™ğš‘ğš˜ğšœğš™ğš‘ğš˜ğš›ğšğšœ,1
origin,1
old,1
"7,500",1
"5,000",1
BC.,1
oldest,1
plants,1
earth,1
Originated,1
America.,1
commercial,1
purposes,1
recreational.,1
general,1
weight,1
between,1
3,1
kilograms,1
(6,1
18,1
lb).,1
purpose,1
growing,1
variety,1
ranging,1
agricultural,1
purposes.,1
pumpkins,1
colors,1
derives,1
orange,1
carotenoid,1
pigments.,1
ğ•„ğ•,1
ğ•‹ğ•†ğ”»ğ”¸ğ•,1
ğ•ƒğ•Œâ„•â„‚â„,1
ğ•„ğ”¼â„•ğ•Œ--,1
ğŸ™.,1
ğ•Šğ•¡ğ• ğ•Ÿğ•˜ğ•–,1
ğ”¾ğ• ğ•¦ğ•£ğ••,1
(ğ•‹ğ• ğ•£ğ•’ğ•š),1
ğŸš.,1
ğ•œğ•™ğ•šğ•”ğ•™ğ••ğ•š,1
ğŸ›.,1
â„ğ• ğ•¥ğ•š,1
ğŸœ.,1
ğ•„ğ•’ğ•¤ğ•’ğ•ğ•’,1
ğ•£ğ•’ğ•šğ•¥ğ•’,1
Torai,1
fibre.,1
turai,1
Sabzi,1
low,1
calorie,1
quickly,1
lunch,1
dinner.,1
moong,1
dal,1
khichdi,1
curd,1
accompanying,1
raita,1
papad.,1
drizzle,1
lemon,1
juice,1
prefer,1
finely,1
salad.,1
donâ€™t,1
forget,1
spoon,1
serving.,1
ğ•ƒğ•–ğ•¥,1
ğ•¦ğ•¤,1
ğ•œğ•Ÿğ• ğ•¨,1
ğ•“ğ•–ğ•ğ• ğ•¨,1
ğ•¨ğ•™ğ•’ğ•¥,1
ğ•ªğ• ğ•¦,1
ğ•˜ğ•¦ğ•ªğ•¤,1
ğ•™ğ•’ğ•§ğ•šğ•Ÿğ•˜,1
ğ•—ğ• ğ•£,1
ğ•ğ•¦ğ•Ÿğ•”ğ•™,1
ğ•£ğ•šğ•˜ğ•™ğ•¥,1
ğ•Ÿğ• ğ•¨.....,1
#lunch,1
#masala,1
#roti,1
#dhalia,1
#chapati,1
#veggies,1
#lunchtime,1
#lunchideas,1
#lunchbox,1
#lunchbreak,1
#lunchtimeğŸ´,1
international,1
***16,1
October***,1
honor,1
date,1
founding,1
Organization,1
United,1
Nations,1
1945.,1
other,1
organizations,1
concerned,1
"security,",1
including,1
Programme,1
Fund,1
Agricultural,1
Development.,1
#World,1
2014,1
Family,1
Farming:,1
"""Feeding",1
"world,",1
caring,1
"earth"";",1
2015,1
"""Social",1
Protection,1
Agriculture:,1
Breaking,1
Cycle,1
Rural,1
"Poverty"";",1
2016,1
Climate,1
Change:,1
"""Climate",1
changing.,1
"too"",[1]",1
echoes,1
"2008,",1
2002,1
1989,1
that...,1
(WFD),1
established,1
FAO's,1
Member,1
Countries,1
Organization's,1
General,1
November,1
1979.,1
"Delegation,",1
led,1
former,1
Minister,1
Dr.,1
PÃ¡l,1
"RomÃ¡ny,",1
played,1
active,1
role,1
Session,1
FAO,1
suggested,1
idea,1
celebrating,1
WFD,1
worldwide.,1
observed,1
150,1
"countries,",1
raising,1
awareness,1
issues,1
poverty,1
hunger.,1
#worldfoodday,1
#worldfood,1
@buzzfeedquiz,1
@gk__world,1
@quiz._,1
@bharatmasale79,1
@recipesbykj,1
@foo.d._.ques.t,1
@food_quotient,1
@foodopanions,1
@food_chainn,1
@fooddiariesbysabinaa,1
ğ“¥ğ“ªğ“­ğ“²ğ“µğ“ªğ“µ,1
ğ“‘ğ“¾ğ“½ğ“½ğ“®ğ“»ğ“¼ğ“¬ğ“¸ğ“½ğ“¬ğ“±,1
ğ“’ğ“¸ğ“·ğ“®,1
ğŸŒğŸ–ï¸Summer,1
ğŸŒğŸ–ï¸,1
ğŸ§.,1
currency,1
â¤,1
"""",1
#Life,1
"creamğŸ§,",1
"melts.""",1
frame-,1
#vadilal,1
#butterscotch,1
#cone,1
ğŸ¨ğŸ¦,1
@vadilalicecreams,1
@vadilalicecream,1
#desserts,1
#dessertporn,1
